week_end_date,index_level,weekly_return,log_volume,log_volume_adj,log_trading_days,realized_volatility,volume_momentum,lag_lv_1,lag_lv_2,lag_lv_3,lag_lv_4,cumulative_4w_return,interest_rate_direction,macro_shock_score,macro_shock_abs,macro_neg_shock,macro_neg_lag1,macro_neg_lag2,macro_neg_lag3,macro_pos_shock,macro_pos_lag1,macro_pos_lag2,macro_pos_lag3,d_geo,d_mp,d_trade,d_corporate,trading_days,new_accounts
2023-01-06,6684.55810546875,,32.16653186631542,30.557093953881317,1.6094379124341003,0.02786135756259461,,,,,,,,0.0,0.0,-0.0,0.0,0.0,0.0,0.0,0.0,0.0,0.0,0,0,0,0,5,21077.0
2023-01-13,6641.830078125,-0.006412566281769151,32.381682726335825,30.77224481390172,1.6094379124341003,0.01472769518185023,0.21515086002040462,30.557093953881317,,,,,,0.0,0.0,-0.0,-0.0,0.0,0.0,0.0,0.0,0.0,0.0,0,0,0,0,5,19216.0
2023-01-20,6874.93115234375,0.03449408960876213,32.263330166904694,30.65389225447059,1.6094379124341003,0.009818471711893933,-0.11835255943113054,30.77224481390172,30.557093953881317,,,,,0.0,0.0,-0.0,-0.0,-0.0,0.0,0.0,0.0,0.0,0.0,0,0,0,0,5,19776.0
2023-01-27,6898.98095703125,0.0034920840116353163,31.987060230373178,30.600765869253287,1.3862943611198906,0.009809053354438664,-0.05312638521730406,30.65389225447059,30.77224481390172,30.557093953881317,,,,0.0,0.0,-0.0,-0.0,-0.0,-0.0,0.0,0.0,0.0,0.0,0,0,0,0,4,18859.0
2023-02-03,6911.73193359375,0.0018465346845678357,32.30991995066301,30.700482038228913,1.6094379124341003,0.009684947526764758,0.09971616897562541,30.600765869253287,30.65389225447059,30.77224481390172,30.557093953881317,0.03342014202319613,0.25,0.0,0.0,-0.0,-0.0,-0.0,-0.0,0.0,0.0,0.0,0.0,0,0,0,0,5,22489.0
2023-02-10,6880.3291015625,-0.004553762663499369,32.2134387242714,30.604000811837302,1.6094379124341003,0.013707173926207546,-0.09648122639161016,30.700482038228913,30.600765869253287,30.65389225447059,30.77224481390172,0.035278945641465914,0.25,0.0,0.0,-0.0,-0.0,-0.0,-0.0,0.0,0.0,0.0,0.0,0,0,0,0,5,23171.0
2023-02-17,6895.7138671875,0.002233554592681611,32.143742797219254,30.534304884785154,1.6094379124341003,0.009125174650549024,-0.06969592705214822,30.604000811837302,30.700482038228913,30.600765869253287,30.65389225447059,0.0030184106253853937,0.0,0.0,0.0,-0.0,-0.0,-0.0,-0.0,0.0,0.0,0.0,0.0,0,0,0,0,5,28785.0
2023-02-24,6856.576171875,-0.0056918230873226755,32.119113953758095,30.509676041323996,1.6094379124341003,0.01193827660645355,-0.024628843461158567,30.534304884785154,30.604000811837302,30.700482038228913,30.600765869253287,-0.006165496473572598,0.0,0.0,0.0,-0.0,-0.0,-0.0,-0.0,0.0,0.0,0.0,0.0,0,0,0,0,5,24650.0
2023-03-03,6813.63623046875,-0.00628228463005341,32.31476627545892,30.705328363024822,1.6094379124341003,0.007018884448274005,0.1956523217008268,30.509676041323996,30.534304884785154,30.604000811837302,30.700482038228913,-0.014294315788193844,0.0,0.0,0.0,-0.0,-0.0,-0.0,-0.0,0.0,0.0,0.0,0.0,0,0,0,0,5,21112.0
2023-03-10,6765.3017578125,-0.0071190658407608316,32.117813344918865,30.508375432484765,1.6094379124341003,0.009066392960217613,-0.19695293054005703,30.705328363024822,30.509676041323996,30.534304884785154,30.604000811837302,-0.016859618965455306,0.0,0.0,0.0,-0.0,-0.0,-0.0,-0.0,0.0,0.0,0.0,0.0,0,0,0,0,5,19906.0
2023-03-17,6678.23681640625,-0.012952863297261304,32.46852991335452,30.859092000920423,1.6094379124341003,0.032140163020930514,0.3507165684356579,30.508375432484765,30.705328363024822,30.509676041323996,30.534304884785154,-0.032046036855398224,0.0,-1.0,1.0,1.0,-0.0,-0.0,-0.0,0.0,0.0,0.0,0.0,0,0,0,0,5,19678.0
2023-03-24,6762.25390625,0.012502249499800406,31.765916797388147,30.667304508720036,1.0986122886681098,0.02112610534704339,-0.19178749220038682,30.859092000920423,30.508375432484765,30.705328363024822,30.509676041323996,-0.01385196426827514,0.0,0.0,0.0,-0.0,1.0,-0.0,-0.0,0.0,0.0,0.0,0.0,0,0,0,0,3,17766.0
2023-03-31,6805.27685546875,0.006342066832842542,32.22293624465158,30.613498332217475,1.6094379124341003,0.018318598587487876,-0.0538061765025617,30.667304508720036,30.859092000920423,30.508375432484765,30.705328363024822,-0.0012276128053791881,0.0,0.0,0.0,-0.0,-0.0,1.0,-0.0,0.0,0.0,0.0,0.0,0,0,0,0,5,21334.0
2023-04-07,6792.76513671875,-0.0018402240981489724,32.21905785718449,30.832763496064597,1.3862943611198906,0.006302540472534815,0.21926516384712258,30.613498332217475,30.667304508720036,30.859092000920423,30.508375432484765,0.004051228937232671,0.0,1.0,1.0,0.0,-0.0,-0.0,1.0,1.0,0.0,0.0,0.0,0,0,0,0,4,21242.0
2023-04-14,6818.57421875,0.003792295862787248,32.14533681059819,30.53589889816409,1.6094379124341003,0.00953276099311346,-0.2968645979005089,30.832763496064597,30.613498332217475,30.667304508720036,30.859092000920423,0.020796388097281224,0.0,0.0,0.0,-0.0,0.0,-0.0,-0.0,0.0,1.0,0.0,0.0,0,0,0,0,5,24054.0
2023-04-21,6821.80712890625,0.0004740205034428577,31.32025682732297,30.627109646763028,0.6931471805599453,0.009585261189109826,0.09121074859893952,30.53589889816409,30.832763496064597,30.613498332217475,30.667304508720036,0.008768159100923675,0.0,0.0,0.0,-0.0,-0.0,0.0,-0.0,0.0,0.0,1.0,0.0,0,0,0,0,2,36495.0
2023-04-28,6915.7158203125,0.013672065127782063,32.009900714925664,30.911288426257556,1.0986122886681098,0.01488384062375508,0.2841787794945283,30.627109646763028,30.53589889816409,30.832763496064597,30.613498332217475,0.016098157395863198,0.0,0.0,0.0,-0.0,-0.0,-0.0,0.0,0.0,0.0,0.0,1.0,0,0,0,0,3,39556.0
2023-05-05,6787.630859375,-0.01869451225630337,32.05221487159941,30.665920510479523,1.3862943611198906,0.012366819577051361,-0.24536791577803285,30.911288426257556,30.627109646763028,30.53589889816409,30.832763496064597,-0.0007561307622911996,0.0,0.0,0.0,-0.0,-0.0,-0.0,-0.0,0.0,0.0,0.0,0.0,0,0,0,0,4,29210.0
2023-05-12,6707.76318359375,-0.011836424781110135,32.25475037611453,30.645312463680426,1.6094379124341003,0.012384797729833566,-0.020608046799097224,30.665920510479523,30.911288426257556,30.627109646763028,30.53589889816409,-0.01638485140618858,0.0,0.0,0.0,-0.0,-0.0,-0.0,-0.0,0.0,0.0,0.0,0.0,0,0,0,0,5,36718.0
2023-05-19,6700.56103515625,-0.001074280277334304,32.01569906950574,30.629404708385852,1.3862943611198906,0.009176122072325339,-0.01590775529457389,30.645312463680426,30.665920510479523,30.911288426257556,30.627109646763028,-0.017933152186965746,0.0,0.0,0.0,-0.0,-0.0,-0.0,-0.0,0.0,0.0,0.0,0.0,0,0,0,0,4,24077.0
2023-05-26,6687.0009765625,-0.0020257703709058877,32.25072680614762,30.641288893713515,1.6094379124341003,0.009062352674334011,0.011884185327662777,30.629404708385852,30.645312463680426,30.665920510479523,30.911288426257556,-0.033630987685653695,0.0,2.0,2.0,0.0,-0.0,-0.0,-0.0,2.0,0.0,0.0,0.0,0,0,0,0,5,31960.0
2023-06-02,6633.26123046875,-0.008068915886106918,32.268547289341164,31.169935000673053,1.0986122886681098,0.006040575458513408,0.5286461069595383,30.641288893713515,30.629404708385852,30.645312463680426,30.665920510479523,-0.023005391315457244,0.0,0.0,0.0,-0.0,0.0,-0.0,-0.0,0.0,2.0,0.0,0.0,0,0,0,0,3,30779.0
2023-06-09,6694.02392578125,0.009118603770981743,32.36550467979033,30.75606676735623,1.6094379124341003,0.008255878788079226,-0.41386823331682265,31.169935000673053,30.641288893713515,30.629404708385852,30.645312463680426,-0.0020503627633653657,0.0,0.0,0.0,-0.0,-0.0,0.0,-0.0,0.0,0.0,2.0,0.0,0,0,0,0,5,24479.0
2023-06-16,6698.546875,0.0006754415500930382,32.23534020072705,30.625902288292952,1.6094379124341003,0.0066957571223561505,-0.13016447906327855,30.75606676735623,31.169935000673053,30.641288893713515,30.629404708385852,-0.0003006409359380236,0.0,0.0,0.0,-0.0,-0.0,-0.0,0.0,0.0,0.0,0.0,2.0,0,0,0,0,5,25533.0
2023-06-23,6639.73291015625,-0.008818880240493057,32.05578538758913,30.446347475155033,1.6094379124341003,0.011342628359593883,-0.1795548131379192,30.625902288292952,30.75606676735623,31.169935000673053,30.641288893713515,-0.007093750805525193,0.0,0.0,0.0,-0.0,-0.0,-0.0,-0.0,0.0,0.0,0.0,0.0,0,0,0,0,5,20457.0
2023-06-30,6661.87890625,0.003329824514775742,31.07046468478303,30.377317504223086,0.6931471805599453,0.004166969370643316,-0.06902997093194685,30.446347475155033,30.625902288292952,30.75606676735623,31.169935000673053,0.004304989595357467,0.0,0.0,0.0,-0.0,-0.0,-0.0,-0.0,0.0,0.0,0.0,0.0,0,0,0,0,2,19912.0
2023-07-07,6716.458984375,0.008159515986051226,32.16312728468129,30.553689372247185,1.6094379124341003,0.012194278156154198,0.17637186802409843,30.377317504223086,30.446347475155033,30.625902288292952,30.75606676735623,0.0033459018104269496,0.0,0.0,0.0,-0.0,-0.0,-0.0,-0.0,0.0,0.0,0.0,0.0,0,0,0,0,5,21945.0
2023-07-14,6869.57177734375,0.022540693221058512,32.11521935526293,30.505781442828827,1.6094379124341003,0.009754513354473663,-0.04790792941835775,30.553689372247185,30.377317504223086,30.446347475155033,30.625902288292952,0.025211153481392422,0.0,0.0,0.0,-0.0,-0.0,-0.0,-0.0,0.0,0.0,0.0,0.0,0,0,0,0,5,20636.0
2023-07-21,6880.8017578125,0.0016334076942500907,31.98508906461934,30.59879470349945,1.3862943611198906,0.008871783482871569,0.09301326067062377,30.505781442828827,30.553689372247185,30.377317504223086,30.446347475155033,0.035663441416135575,0.0,0.0,0.0,-0.0,-0.0,-0.0,-0.0,0.0,0.0,0.0,0.0,0,0,0,0,4,22047.0
2023-07-28,6900.22998046875,0.002819561829084669,32.244182813265695,30.6347449008316,1.6094379124341003,0.010489541991327032,0.03595019733214855,30.59879470349945,30.505781442828827,30.553689372247185,30.377317504223086,0.0351531787304445,0.0,0.0,0.0,-0.0,-0.0,-0.0,-0.0,0.0,0.0,0.0,0.0,0,0,0,0,5,23107.0
2023-08-04,6852.841796875,-0.00689131444965661,32.38845782225667,30.77901990982257,1.6094379124341003,0.014054920460875796,0.14427500899097012,30.6347449008316,30.59879470349945,30.505781442828827,30.553689372247185,0.02010234829473666,0.0,0.0,0.0,-0.0,-0.0,-0.0,-0.0,0.0,0.0,0.0,0.0,0,0,0,0,5,24803.0
2023-08-11,6879.97900390625,0.00395217308195756,32.44220564109576,30.832767728661658,1.6094379124341003,0.006958407769514256,0.053747818839088524,30.77901990982257,30.6347449008316,30.59879470349945,30.505781442828827,0.00151382815563571,0.0,2.0,2.0,0.0,-0.0,-0.0,-0.0,2.0,0.0,0.0,0.0,0,0,0,0,5,22273.0
2023-08-18,6859.912109375,-0.002920970571524884,32.08487434542643,30.69857998430654,1.3862943611198906,0.008707161351755397,-0.13418774435511693,30.832767728661658,30.77901990982257,30.6347449008316,30.59879470349945,-0.0030405501101392644,0.0,0.0,0.0,-0.0,0.0,-0.0,-0.0,0.0,2.0,0.0,0.0,0,0,0,0,4,20935.0
2023-08-25,6895.44287109375,0.005166110331814681,32.2820057247289,30.672567812294794,1.6094379124341003,0.008658612296696134,-0.02601217201174677,30.69857998430654,30.832767728661658,30.77901990982257,30.6347449008316,-0.0006940016074092519,0.0,0.0,0.0,-0.0,-0.0,0.0,-0.0,0.0,0.0,2.0,0.0,0,0,0,0,5,22769.0
2023-09-01,6977.65380859375,0.011851989752703187,32.33172516366824,30.72228725123414,1.6094379124341003,0.00622768845474691,0.04971943893934494,30.672567812294794,30.69857998430654,30.832767728661658,30.77901990982257,0.018049302594950543,0.0,0.0,0.0,-0.0,-0.0,-0.0,0.0,0.0,0.0,0.0,2.0,0,0,0,0,5,24865.0
2023-09-08,6924.77978515625,-0.0076064781054406986,32.236592014031096,30.627154101596997,1.6094379124341003,0.007929560842209707,-0.09513314963714237,30.72228725123414,30.672567812294794,30.69857998430654,30.832767728661658,0.006490651407552286,0.0,0.0,0.0,-0.0,-0.0,-0.0,-0.0,0.0,0.0,0.0,0.0,0,0,0,0,5,28704.0
2023-09-15,6982.791015625,0.008342444233714389,32.5353358835613,30.925897971127203,1.6094379124341003,0.008521627783227582,0.29874386953020604,30.627154101596997,30.72228725123414,30.672567812294794,30.69857998430654,0.01775406621279156,0.0,0.0,0.0,-0.0,-0.0,-0.0,-0.0,0.0,0.0,0.0,0.0,0,0,0,0,5,22091.0
2023-09-22,7016.84423828125,0.004864882434479245,32.32504767049916,30.71560975806506,1.6094379124341003,0.012363724401132646,-0.2102882130621424,30.925897971127203,30.627154101596997,30.72228725123414,30.672567812294794,0.017452838315456125,0.0,0.0,0.0,-0.0,-0.0,-0.0,-0.0,0.0,0.0,0.0,0.0,0,0,0,0,5,25554.0
2023-09-29,6939.89208984375,-0.01102735287457188,32.17074044274397,30.78444608162408,1.3862943611198906,0.011285293596342888,0.06883632355901881,30.71560975806506,30.925897971127203,30.627154101596997,30.72228725123414,-0.005426504311818943,0.0,0.0,0.0,-0.0,-0.0,-0.0,-0.0,0.0,0.0,0.0,0.0,0,0,0,0,4,21011.0
2023-10-06,6888.51806640625,-0.007430248193981795,32.26962989013467,30.660191977700563,1.6094379124341003,0.009742251672808372,-0.12425410392351566,30.78444608162408,30.71560975806506,30.925897971127203,30.627154101596997,-0.005250274400360039,0.0,0.0,0.0,-0.0,-0.0,-0.0,-0.0,0.0,0.0,0.0,0.0,0,0,0,0,5,28094.0
2023-10-13,6926.77978515625,0.005539050549175121,32.265559798095794,30.656121885661694,1.6094379124341003,0.004670452786423291,-0.004070092038869433,30.660191977700563,30.78444608162408,30.71560975806506,30.925897971127203,-0.008053668084899306,0.0,0.0,0.0,-0.0,-0.0,-0.0,-0.0,0.0,0.0,0.0,0.0,0,0,0,0,5,26739.0
2023-10-20,6849.16796875,-0.011267847258474538,32.410422915171566,30.80098500273747,1.6094379124341003,0.014843400581802585,0.1448631170757757,30.656121885661694,30.660191977700563,30.78444608162408,30.71560975806506,-0.02418639777785309,0.25,0.0,0.0,-0.0,-0.0,-0.0,-0.0,0.0,0.0,0.0,0.0,0,0,0,0,5,28698.0
2023-10-27,6758.79296875,-0.013282861287269515,32.13927121906698,30.529833306632877,1.6094379124341003,0.029107354910060605,-0.27115169610459233,30.80098500273747,30.656121885661694,30.660191977700563,30.78444608162408,-0.026441906190550726,0.25,0.0,0.0,-0.0,-0.0,-0.0,-0.0,0.0,0.0,0.0,0.0,0,0,0,0,5,25175.0
2023-11-03,6788.85009765625,0.004437255702078063,32.32968370897733,30.72024579654323,1.6094379124341003,0.026869874943897167,0.1904124899103543,30.529833306632877,30.80098500273747,30.656121885661694,30.660191977700563,-0.01457440229449087,0.25,0.0,0.0,-0.0,-0.0,-0.0,-0.0,0.0,0.0,0.0,0.0,0,0,0,0,5,28070.0
2023-11-10,6809.26318359375,0.003002343170560876,32.48257180132048,30.873133888886382,1.6094379124341003,0.018525427823629644,0.15288809234315082,30.72024579654323,30.529833306632877,30.80098500273747,30.656121885661694,-0.017111109673105113,0.25,0.0,0.0,-0.0,-0.0,-0.0,-0.0,0.0,0.0,0.0,0.0,0,0,0,0,5,24804.0
2023-11-17,6977.66796875,0.024430840985481327,32.09011529491838,30.480677382484274,1.6094379124341003,0.011850083875443363,-0.39245650640210883,30.873133888886382,30.72024579654323,30.529833306632877,30.80098500273747,0.018587578570850753,0.0,0.0,0.0,-0.0,-0.0,-0.0,-0.0,0.0,0.0,0.0,0.0,0,0,0,0,5,22942.0
2023-11-24,7009.630859375,0.004570281460784163,32.19465389399934,30.58521598156524,1.6094379124341003,0.018826676833388206,0.10453859908096774,30.480677382484274,30.873133888886382,30.72024579654323,30.529833306632877,0.03644072131890443,0.0,0.0,0.0,-0.0,-0.0,-0.0,-0.0,0.0,0.0,0.0,0.0,0,0,0,0,5,21191.0
2023-12-01,7059.90576171875,0.0071466627052744714,32.55451558242828,30.94507766999418,1.6094379124341003,0.008275403021032203,0.3598616884289392,30.58521598156524,30.480677382484274,30.873133888886382,30.72024579654323,0.03915012832210084,0.0,1.5,1.5,0.0,-0.0,-0.0,-0.0,1.5,0.0,0.0,0.0,0,0,0,0,5,25236.0
2023-12-08,7159.59814453125,0.014022151114430564,32.58309882956226,30.97366091712816,1.6094379124341003,0.007442435539348103,0.028583247133980194,30.94507766999418,30.58521598156524,30.480677382484274,30.873133888886382,0.05016993626597053,0.0,0.0,0.0,-0.0,0.0,-0.0,-0.0,0.0,1.5,0.0,0.0,0,0,0,0,5,38825.0
2023-12-15,7190.98779296875,0.004374692243964575,32.64255016109718,31.03311224866308,1.6094379124341003,0.021646860118416416,0.05945133153491966,30.97366091712816,30.94507766999418,30.58521598156524,30.480677382484274,0.03011378752445377,0.0,0.0,0.0,-0.0,-0.0,0.0,-0.0,0.0,0.0,1.5,0.0,0,0,0,0,5,44329.0
2023-12-22,7237.51904296875,0.006449927472521266,32.47070446667115,30.861266554237048,1.6094379124341003,0.01654591540129523,-0.17184569442603248,31.03311224866308,30.97366091712816,30.94507766999418,30.58521598156524,0.03199343353619088,0.0,0.0,0.0,-0.0,-0.0,-0.0,0.0,0.0,0.0,0.0,1.5,0,0,0,0,5,37394.0
2023-12-29,7272.796875,0.004862458093714045,31.681263185290316,30.58265089662221,1.0986122886681098,0.01061815997905992,-0.2786156576148393,30.861266554237048,31.03311224866308,30.97366091712816,30.94507766999418,0.02970922892463045,0.0,0.0,0.0,-0.0,-0.0,-0.0,-0.0,0.0,0.0,0.0,0.0,0,0,0,0,3,35841.0
2024-01-05,7350.619140625,0.010643614354535674,31.832892183541038,30.44659782242115,1.3862943611198906,0.015503932862331458,-0.13605307420105817,30.58265089662221,30.861266554237048,31.03311224866308,30.97366091712816,0.02633069216473556,0.0,0.0,0.0,-0.0,-0.0,-0.0,-0.0,0.0,0.0,0.0,0.0,0,0,0,0,4,39887.0
2024-01-12,7241.13818359375,-0.015006144776264009,32.225015775393175,30.61557786295907,1.6094379124341003,0.015619343473702314,0.16898004053792093,30.44659782242115,30.58265089662221,30.861266554237048,31.03311224866308,0.006949855144506979,0.0,0.0,0.0,-0.0,-0.0,-0.0,-0.0,0.0,0.0,0.0,0.0,0,0,0,0,5,38211.0
2024-01-19,7227.40185546875,-0.0018987862237629359,32.304680991708686,30.69524307927459,1.6094379124341003,0.011758708475595037,0.0796652163155187,30.61557786295907,30.44659782242115,30.58265089662221,30.861266554237048,-0.0013988585517772242,0.0,0.0,0.0,-0.0,-0.0,-0.0,-0.0,0.0,0.0,0.0,0.0,0,0,0,0,5,38831.0
2024-01-26,7137.087890625,-0.012574780797996423,32.37117049267606,30.761732580241958,1.6094379124341003,0.009592833517890354,0.06648950096736783,30.69524307927459,30.61557786295907,30.44659782242115,30.58265089662221,-0.018836097443487694,0.0,0.0,0.0,-0.0,-0.0,-0.0,-0.0,0.0,0.0,0.0,0.0,0,0,0,0,5,44051.0
2024-02-02,7238.78515625,0.014148561521490341,32.28579024520167,30.67635233276757,1.6094379124341003,0.005434206030740074,-0.08538024747438655,30.761732580241958,30.69524307927459,30.61557786295907,30.44659782242115,-0.015331150276533026,0.0,0.0,0.0,-0.0,-0.0,-0.0,-0.0,0.0,0.0,0.0,0.0,0,0,0,0,5,44590.0
2024-02-09,7235.15185546875,-0.0005020473496081855,31.73264811359434,30.63403582492623,1.0986122886681098,0.010911924708434795,-0.04231650784134189,30.67635233276757,30.761732580241958,30.69524307927459,30.61557786295907,-0.0008270528498772025,0.0,0.0,0.0,-0.0,-0.0,-0.0,-0.0,0.0,0.0,0.0,0.0,0,0,0,0,3,28977.0
2024-02-16,7335.544921875,0.013780350609093397,32.33832863102765,30.95203426990776,1.3862943611198906,0.021881111708449915,0.31799844498153007,30.63403582492623,30.67635233276757,30.761732580241958,30.69524307927459,0.01485208398297913,0.0,2.0,2.0,0.0,-0.0,-0.0,-0.0,2.0,0.0,0.0,0.0,1,0,0,0,4,32974.0
2024-02-23,7295.09521484375,-0.005529465521078006,32.25199727518015,30.642559362746052,1.6094379124341003,0.012208453095792868,-0.30947490716170734,30.95203426990776,30.63403582492623,30.67635233276757,30.761732580241958,0.021897399259897546,0.0,0.0,0.0,-0.0,0.0,-0.0,-0.0,0.0,2.0,0.0,0.0,0,0,0,0,5,48851.0
2024-03-01,7311.9072265625,0.0023019122793759266,32.35027251852672,30.740834606092626,1.6094379124341003,0.007051329250447913,0.09827524334657411,30.642559362746052,30.95203426990776,30.63403582492623,30.67635233276757,0.010050750017783133,0.0,0.0,0.0,-0.0,-0.0,0.0,-0.0,0.0,0.0,2.0,0.0,0,0,0,0,5,45644.0
2024-03-08,7381.9072265625,0.009527890770175022,32.28451132047292,30.67507340803882,1.6094379124341003,0.01525673875964655,-0.06576119805380642,30.740834606092626,30.642559362746052,30.95203426990776,30.63403582492623,0.02008068813756634,0.0,0.0,0.0,-0.0,-0.0,-0.0,0.0,0.0,0.0,0.0,2.0,0,0,0,0,5,39128.0
2024-03-15,7328.05419921875,-0.0073220134821010115,32.26400890858003,31.165396619911924,1.0986122886681098,0.018015875622079645,0.490323211873104,30.67507340803882,30.740834606092626,30.642559362746052,30.95203426990776,-0.0010216759536280694,0.0,2.0,2.0,0.0,-0.0,-0.0,-0.0,2.0,0.0,0.0,0.0,0,0,0,0,3,32775.0
2024-03-22,7350.15185546875,0.0030109500932356454,32.25436744276691,30.644929530332814,1.6094379124341003,0.0067575571671207365,-0.5204670895791104,31.165396619911924,30.67507340803882,30.740834606092626,30.642559362746052,0.007518739660685583,0.0,0.0,0.0,-0.0,0.0,-0.0,-0.0,0.0,2.0,0.0,0.0,0,0,0,0,5,30198.0
2024-03-29,7288.81298828125,-0.008380268252825975,32.133297035275675,30.747002674155784,1.3862943611198906,0.009312686857286824,0.10207314382297028,30.644929530332814,31.165396619911924,30.67507340803882,30.740834606092626,-0.003163440871516319,0.0,0.0,0.0,-0.0,-0.0,0.0,-0.0,0.0,0.0,2.0,0.0,0,0,0,0,4,34184.0
2024-04-05,7286.8818359375,-0.00026498254502986855,32.45267468846738,30.843236776033283,1.6094379124341003,0.022785616145952196,0.09623410187749926,30.747002674155784,30.644929530332814,31.165396619911924,30.67507340803882,-0.01295631418672121,0.0,0.0,0.0,-0.0,-0.0,-0.0,0.0,0.0,0.0,0.0,2.0,0,0,0,0,5,32398.0
2024-04-19,7087.31689453125,-0.027768889088086286,32.46566830450814,31.07937394338825,1.3862943611198906,0.01879616225039324,0.23613716735496837,30.843236776033283,30.747002674155784,30.644929530332814,31.165396619911924,-0.033403189792706484,0.0,0.0,0.0,-0.0,-0.0,-0.0,-0.0,0.0,0.0,0.0,0.0,0,0,0,0,4,47851.0
2024-04-26,7036.0751953125,-0.007256319690534765,32.54673044742369,30.93729253498959,1.6094379124341003,0.022062760409978,-0.1420814083986599,31.07937394338825,30.843236776033283,30.747002674155784,30.644929530332814,-0.043670459576476896,0.25,0.0,0.0,-0.0,-0.0,-0.0,-0.0,0.0,0.0,0.0,0.0,0,0,0,0,5,37284.0
2024-05-03,7134.72412109375,0.013923070559420731,32.41687564560221,31.030581284482324,1.3862943611198906,0.028882281001929053,0.09328874949273214,30.93729253498959,31.07937394338825,30.843236776033283,30.747002674155784,-0.021367120764230186,0.25,0.0,0.0,-0.0,-0.0,-0.0,-0.0,0.0,0.0,0.0,0.0,0,0,0,0,4,35558.0
2024-05-10,7088.794921875,-0.006458227210460237,31.89626395405811,30.79765166539,1.0986122886681098,0.004431949903205118,-0.23292961909232446,31.030581284482324,30.93729253498959,31.07937394338825,30.843236776033283,-0.027560365429660557,0.25,0.0,0.0,-0.0,-0.0,-0.0,-0.0,0.0,0.0,0.0,0.0,0,0,0,0,3,29820.0
2024-05-17,7317.23779296875,0.031717548679409735,32.53568085455983,30.926242942125732,1.6094379124341003,0.014447337294409956,0.12859127673573312,30.79765166539,31.030581284482324,30.93729253498959,31.07937394338825,0.03192607233783547,0.25,0.0,0.0,-0.0,-0.0,-0.0,-0.0,0.0,0.0,0.0,0.0,0,0,0,0,5,27145.0
2024-05-24,7222.3818359375,-0.013048113395419234,31.92158257541892,30.82297028675081,1.0986122886681098,0.014559688288101925,-0.1032726553749228,30.926242942125732,30.79765166539,31.030581284482324,30.93729253498959,0.026134278632951,0.0,0.0,0.0,-0.0,-0.0,-0.0,-0.0,0.0,0.0,0.0,0.0,0,0,0,0,3,25305.0
2024-05-31,6970.73583984375,-0.03546400104477557,32.83128879826966,31.221850885835558,1.6094379124341003,0.023928644256723332,0.39888059908474816,30.82297028675081,30.926242942125732,30.79765166539,31.030581284482324,-0.023252792971245297,0.0,0.0,0.0,-0.0,-0.0,-0.0,-0.0,0.0,0.0,0.0,0.0,0,0,0,0,5,24864.0
2024-06-07,6897.9501953125,-0.010496497305879239,32.2743277407932,30.664889828359094,1.6094379124341003,0.030611059029894135,-0.5569610574764638,31.221850885835558,30.82297028675081,30.926242942125732,30.79765166539,-0.0272910630666643,0.0,0.0,0.0,-0.0,-0.0,-0.0,-0.0,0.0,0.0,0.0,0.0,0,0,0,0,5,24231.0
2024-06-14,6734.83203125,-0.02393142445457425,32.293773013386584,30.68433510095248,1.6094379124341003,0.015807264842063896,0.01944527259338713,30.664889828359094,31.221850885835558,30.82297028675081,30.926242942125732,-0.08294003620064828,0.0,0.0,0.0,-0.0,-0.0,-0.0,-0.0,0.0,0.0,0.0,0.0,0,0,0,0,5,23669.0
2024-06-21,6879.97802734375,0.021322588369559848,32.142805203682826,31.044192915014715,1.0986122886681098,0.01309814976065079,0.3598578140622344,30.68433510095248,30.664889828359094,31.221850885835558,30.82297028675081,-0.0485693344356692,0.0,0.0,0.0,-0.0,-0.0,-0.0,-0.0,0.0,0.0,0.0,0.0,0,0,0,0,3,19018.0
2024-06-28,7063.5771484375,0.026336143195890525,32.71680295882692,31.10736504639282,1.6094379124341003,0.013298691200290655,0.0631721313781064,31.044192915014715,30.68433510095248,30.664889828359094,31.221850885835558,0.013230809804996885,0.0,0.0,0.0,-0.0,-0.0,-0.0,-0.0,0.0,0.0,0.0,0.0,0,0,0,0,5,22181.0
2024-07-05,7253.3720703125,0.026514872445536637,32.300120321772376,30.690682409338272,1.6094379124341003,0.011702513838320276,-0.41668263705454933,31.10736504639282,31.044192915014715,30.68433510095248,30.664889828359094,0.05024217955641276,0.0,0.0,0.0,-0.0,-0.0,-0.0,-0.0,0.0,0.0,0.0,0.0,0,0,0,0,5,23983.0
2024-07-12,7327.580078125,0.010178848099045552,32.28341443959399,30.673976527159887,1.6094379124341003,0.0033318336935612754,-0.016705882178385423,30.690682409338272,31.10736504639282,31.044192915014715,30.68433510095248,0.08435245211003256,0.0,0.0,0.0,-0.0,-0.0,-0.0,-0.0,0.0,0.0,0.0,0.0,0,0,0,0,5,23811.0
2024-07-19,7294.4951171875,-0.004525351833753918,32.199914156482286,30.590476244048183,1.6094379124341003,0.0189610342118813,-0.08350028311170377,30.673976527159887,30.690682409338272,31.10736504639282,31.044192915014715,0.0585045119067188,0.0,0.0,0.0,-0.0,-0.0,-0.0,-0.0,0.0,0.0,0.0,0.0,0,0,0,0,5,22379.0
2024-07-26,7288.1669921875,-0.0008678971438487648,32.07487061656682,30.465432704132716,1.6094379124341003,0.01211656049806525,-0.1250435399154668,30.590476244048183,30.673976527159887,30.690682409338272,31.10736504639282,0.03130047156697951,0.0,0.0,0.0,-0.0,-0.0,-0.0,-0.0,0.0,0.0,0.0,0.0,0,0,0,0,5,21399.0
2024-08-02,7308.123046875,0.0027344026555114315,32.267593225509344,30.65815531307524,1.6094379124341003,0.01336163352048851,0.1927226089425247,30.465432704132716,30.590476244048183,30.673976527159887,30.690682409338272,0.007520001776954301,0.0,0.0,0.0,-0.0,-0.0,-0.0,-0.0,0.0,0.0,0.0,0.0,0,0,0,0,5,20938.0
2024-08-09,7256.99609375,-0.007020493636033732,32.199753474590345,30.590315562156242,1.6094379124341003,0.043234866092540285,-0.06783975091899919,30.65815531307524,30.465432704132716,30.590476244048183,30.673976527159887,-0.009679339958124982,0.0,0.0,0.0,-0.0,-0.0,-0.0,-0.0,0.0,0.0,0.0,0.0,0,0,0,0,5,22298.0
2024-08-16,7432.08984375,0.02384110818753348,32.16594085138215,30.556502938948054,1.6094379124341003,0.012229706982499047,-0.03381262320818834,30.590315562156242,30.65815531307524,30.465432704132716,30.590476244048183,0.018687120063162418,0.0,0.0,0.0,-0.0,-0.0,-0.0,-0.0,0.0,0.0,0.0,0.0,0,0,0,0,5,21548.0
2024-08-23,7544.2978515625,0.014984936256204019,32.8891474511622,31.279709538728106,1.6094379124341003,0.01565359034888975,0.7232065997800525,30.556502938948054,30.590315562156242,30.65815531307524,30.465432704132716,0.0345399534632152,0.0,2.0,2.0,0.0,-0.0,-0.0,-0.0,2.0,0.0,0.0,0.0,0,0,0,0,5,20590.0
2024-08-30,7670.73291015625,0.01662013977889656,33.51347126669392,31.904033354259816,1.6094379124341003,0.012508880532238075,0.6243238155317101,31.279709538728106,30.556502938948054,30.590315562156242,30.65815531307524,0.04842569058660033,0.0,0.0,0.0,-0.0,0.0,-0.0,-0.0,0.0,2.0,0.0,0.0,0,0,0,0,5,24395.0
2024-09-06,7721.84619140625,0.0066413131657670574,32.30751991833653,30.698082005902428,1.6094379124341003,0.015337320168035433,-1.205951348357388,31.904033354259816,31.279709538728106,30.556502938948054,30.590315562156242,0.06208749738840112,0.0,0.0,0.0,-0.0,-0.0,0.0,-0.0,0.0,0.0,2.0,0.0,0,0,0,0,5,25747.0
2024-09-13,7812.130859375,0.011624284535338324,32.64233042577016,31.032892513336062,1.6094379124341003,0.008854602624310249,0.33481050743363383,30.698082005902428,31.904033354259816,31.279709538728106,30.556502938948054,0.04987067373620597,0.0,0.0,0.0,-0.0,-0.0,-0.0,0.0,0.0,0.0,0.0,2.0,0,0,0,0,5,24735.0
2024-09-20,7743.00390625,-0.008888050053819686,32.414892422784284,31.028598061664397,1.3862943611198906,0.026112566903579482,-0.0042944516716652,31.032892513336062,30.698082005902428,31.904033354259816,31.279709538728106,0.02599768742618226,-0.25,1.0,1.0,0.0,-0.0,-0.0,-0.0,1.0,0.0,0.0,0.0,0,0,0,0,4,24178.0
2024-09-27,7696.916015625,-0.005969982712581466,32.72964347676776,31.12020556433366,1.6094379124341003,0.009518521598456033,0.09160750266926243,31.028598061664397,31.032892513336062,30.698082005902428,31.904033354259816,0.003407564934704237,-0.25,0.0,0.0,-0.0,0.0,-0.0,-0.0,0.0,1.0,0.0,0.0,0,0,0,0,5,24515.0
2024-10-04,7496.0908203125,-0.02643807048029788,32.906226738407184,31.296788825973085,1.6094379124341003,0.03029602585334057,0.17658326163942561,31.12020556433366,31.028598061664397,31.032892513336062,30.698082005902428,-0.0296718187113607,-0.25,1.0,1.0,0.0,-0.0,0.0,-0.0,1.0,0.0,1.0,0.0,1,0,0,0,5,27604.0
2024-10-11,7520.60205078125,0.0032645340019327247,32.339419659690506,30.72998174725641,1.6094379124341003,0.013266765300279502,-0.5668070787166748,31.296788825973085,31.12020556433366,31.028598061664397,31.032892513336062,-0.0380315692447663,-0.25,0.0,0.0,-0.0,0.0,-0.0,0.0,0.0,1.0,0.0,1.0,0,0,0,0,5,23224.0
2024-10-18,7760.06005859375,0.03134387897324402,32.32525448876469,30.71581657633059,1.6094379124341003,0.008131418340074534,-0.014165170925821258,30.72998174725641,31.296788825973085,31.12020556433366,31.028598061664397,0.0022003597822974064,0.0,0.0,0.0,-0.0,-0.0,0.0,-0.0,0.0,0.0,1.0,0.0,0,0,0,0,5,23342.0
2024-10-25,7694.66015625,-0.008463471589126612,32.41598053445129,30.806542622017197,1.6094379124341003,0.010292055552922058,0.09072604568660836,30.71581657633059,30.72998174725641,31.296788825973085,31.12020556433366,-0.00029312909424774117,0.0,0.0,0.0,-0.0,-0.0,-0.0,0.0,0.0,0.0,0.0,1.0,0,0,0,0,5,24469.0
2024-11-01,7505.2568359375,-0.024922915608672644,32.3604108554804,30.7509729430463,1.6094379124341003,0.008483461602412725,-0.055569678970897485,30.806542622017197,30.71581657633059,30.72998174725641,31.296788825973085,0.0012220257773774938,0.0,0.0,0.0,-0.0,-0.0,-0.0,-0.0,0.0,0.0,0.0,0.0,0,0,0,0,5,24040.0
2024-11-08,7287.19091796875,-0.029485548328357238,32.39261314985782,30.78317523742372,1.6094379124341003,0.02381761440466773,0.03220229437742006,30.7509729430463,30.806542622017197,30.71581657633059,30.72998174725641,-0.03152805655291247,0.0,0.0,0.0,-0.0,-0.0,-0.0,-0.0,0.0,0.0,0.0,0.0,0,0,0,0,5,28362.0
2024-11-15,7161.2578125,-0.01743250046764202,32.44341304623505,30.83397513380095,1.6094379124341003,0.01701305478319178,0.05079989637723159,30.78317523742372,30.7509729430463,30.806542622017197,30.71581657633059,-0.08030443599379851,0.0,0.0,0.0,-0.0,-0.0,-0.0,-0.0,0.0,0.0,0.0,0.0,0,0,0,0,5,29488.0
2024-11-22,7195.56494140625,0.004779218187038221,32.230190558063796,30.620752645629693,1.6094379124341003,0.014841960895040853,-0.2132224881712581,30.83397513380095,30.78317523742372,30.7509729430463,30.806542622017197,-0.06706174621763367,0.0,0.0,0.0,-0.0,-0.0,-0.0,-0.0,0.0,0.0,0.0,0.0,0,0,0,0,5,28307.0
2024-11-29,7114.26611328125,-0.011362776057692505,32.311347774904476,30.92505341378459,1.3862943611198906,0.02599083621332749,0.3043007681548957,30.620752645629693,30.83397513380095,30.78317523742372,30.7509729430463,-0.05350160666665353,0.0,0.0,0.0,-0.0,-0.0,-0.0,-0.0,0.0,0.0,0.0,0.0,0,0,0,0,4,31611.0
2024-12-06,7382.78515625,0.037048880053334766,32.30704424486639,30.697606332432287,1.6094379124341003,0.02895527726302067,-0.2274470813523024,30.92505341378459,30.620752645629693,30.83397513380095,30.78317523742372,0.01303282171503847,0.0,0.0,0.0,-0.0,-0.0,-0.0,-0.0,0.0,0.0,0.0,0.0,0,0,0,0,5,33855.0
2024-12-13,7324.7890625,-0.007886602303399331,32.94022313552705,31.330785223092946,1.6094379124341003,0.01689679960223834,0.633178890660659,30.697606332432287,30.92505341378459,30.620752645629693,30.83397513380095,0.02257871987928116,0.0,0.0,0.0,-0.0,-0.0,-0.0,-0.0,0.0,0.0,0.0,0.0,0,0,0,0,5,29313.0
2024-12-20,6983.865234375,-0.047661835547097874,32.439410598061265,30.829972685627162,1.6094379124341003,0.016500271776083316,-0.5008125374657837,31.330785223092946,30.697606332432287,30.92505341378459,30.620752645629693,-0.029862333854854935,0.0,0.0,0.0,-0.0,-0.0,-0.0,-0.0,0.0,0.0,0.0,0.0,0,0,0,0,5,27292.0
2024-12-27,7036.57080078125,0.007518427322333999,31.787957096435143,30.689344807767032,1.0986122886681098,0.02022862201436482,-0.14062787786012976,30.829972685627162,31.330785223092946,30.697606332432287,30.92505341378459,-0.01098113047482843,0.0,0.0,0.0,-0.0,-0.0,-0.0,-0.0,0.0,0.0,0.0,0.0,0,0,0,0,3,22498.0
2025-01-03,7164.42919921875,0.018007443623880664,31.699512357504055,30.600900068835944,1.0986122886681098,0.009984083010421214,-0.08844473893108784,30.689344807767032,30.829972685627162,31.330785223092946,30.697606332432287,-0.030022566904282535,0.0,0.0,0.0,-0.0,-0.0,-0.0,-0.0,0.0,0.0,0.0,0.0,0,0,0,0,3,25182.0
2025-01-10,7088.8662109375,-0.010602979033924723,32.10103367948429,30.491595767050185,1.6094379124341003,0.012919366172436513,-0.1093043017857589,30.600900068835944,30.689344807767032,30.829972685627162,31.330785223092946,-0.03273894363480793,0.0,0.0,0.0,-0.0,-0.0,-0.0,-0.0,0.0,0.0,0.0,0.0,0,0,0,0,5,32132.0
2025-01-17,7154.658203125,0.009238227589118405,32.39009438947028,30.780656477036178,1.6094379124341003,0.025672999079650163,0.28906070998599276,30.491595767050185,30.600900068835944,30.689344807767032,30.829972685627162,0.02416111950140835,-0.25,0.0,0.0,-0.0,-0.0,-0.0,-0.0,0.0,0.0,0.0,0.0,0,0,0,0,5,41368.0
2025-01-24,7166.05615234375,0.0015918132772671705,32.45574812440545,30.846310211971353,1.6094379124341003,0.016305580250166048,0.06565373493517512,30.780656477036178,30.491595767050185,30.600900068835944,30.689344807767032,0.018234505456341525,-0.25,0.0,0.0,-0.0,-0.0,-0.0,-0.0,0.0,0.0,0.0,0.0,0,0,0,0,5,35252.0
2025-01-31,7109.19580078125,-0.007966325562096857,31.44040609625396,30.747258915694015,0.6931471805599453,0.0180399828660956,-0.099051296277338,30.846310211971353,30.780656477036178,30.491595767050185,30.600900068835944,-0.007739263729636001,-0.25,0.0,0.0,-0.0,-0.0,-0.0,-0.0,0.0,0.0,0.0,0.0,0,0,0,0,2,27152.0
2025-02-07,6742.576171875,-0.05294705598696087,32.42783271382763,30.818394801393527,1.6094379124341003,0.02475863271714824,0.0711358856995119,30.747258915694015,30.846310211971353,30.780656477036178,30.491595767050185,-0.050083340682672145,-0.25,0.0,0.0,-0.0,-0.0,-0.0,-0.0,0.0,0.0,0.0,0.0,0,0,0,0,5,33222.0
2025-02-14,6638.458984375,-0.015562217355642517,32.43877731914138,30.82933940670728,1.6094379124341003,0.031566260623388125,0.010944605313753186,30.818394801393527,30.747258915694015,30.846310211971353,30.780656477036178,-0.07488378562743307,0.0,0.0,0.0,-0.0,-0.0,-0.0,-0.0,0.0,0.0,0.0,0.0,0,0,0,0,5,26774.0
2025-02-21,6803.0009765625,0.024483979024673835,32.4007027211751,30.791264808741,1.6094379124341003,0.03304880898929238,-0.0380745979662791,30.82933940670728,30.818394801393527,30.747258915694015,30.846310211971353,-0.0519916198800264,0.0,0.0,0.0,-0.0,-0.0,-0.0,-0.0,0.0,0.0,0.0,0.0,0,0,0,0,5,26090.0
2025-02-28,6270.59716796875,-0.08149224270184781,32.550693096447326,30.94125518401323,1.6094379124341003,0.03184828487988763,0.14999037527222825,30.791264808741,30.82933940670728,30.818394801393527,30.747258915694015,-0.12551753701977736,0.0,-2.0,2.0,2.0,-0.0,-0.0,-0.0,0.0,0.0,0.0,0.0,0,0,0,1,5,28463.0
2025-03-07,6636.0,0.056637780118330504,32.50973018862991,30.90029227619581,1.6094379124341003,0.05085809206200255,-0.04096290781741985,30.94125518401323,30.791264808741,30.82933940670728,30.818394801393527,-0.015932700914485988,0.0,0.0,0.0,-0.0,2.0,-0.0,-0.0,0.0,0.0,0.0,0.0,0,0,0,0,5,29354.0
2025-03-14,6515.630859375,-0.01830533460889726,32.175482664823356,30.566044752389256,1.6094379124341003,0.030876744277551414,-0.3342475238065532,30.90029227619581,30.94125518401323,30.791264808741,30.82933940670728,-0.018675818167740728,0.0,0.0,0.0,-0.0,-0.0,2.0,-0.0,0.0,0.0,0.0,0.0,0,0,0,0,5,26833.0
2025-03-21,6258.17919921875,-0.04031475766067458,32.657737846353825,31.048299933919726,1.6094379124341003,0.04944463281556811,0.4822551815304692,30.566044752389256,30.90029227619581,30.94125518401323,30.791264808741,-0.08347455485308913,0.0,-3.0,3.0,3.0,-0.0,-0.0,2.0,0.0,0.0,0.0,0.0,0,0,0,1,5,30882.0
2025-03-28,6510.6201171875,0.03954542772166799,32.634860285972195,31.248565924852304,1.3862943611198906,0.043515050122971216,0.20026599093257857,31.048299933919726,30.566044752389256,30.90029227619581,30.94125518401323,0.03756311557042666,0.0,-2.0,2.0,2.0,3.0,-0.0,-0.0,0.0,0.0,0.0,0.0,0,0,0,1,4,32872.0
2025-04-11,6262.22607421875,-0.03889898296967345,32.406914362267365,31.020620001147474,1.3862943611198906,0.10716702881484005,-0.22794592370483002,31.248565924852304,31.048299933919726,30.566044752389256,30.90029227619581,-0.0579736475175773,0.0,0.0,0.0,-0.0,2.0,3.0,-0.0,0.0,0.0,0.0,0.0,0,0,0,0,4,76359.0
2025-04-18,6438.26904296875,0.027723997029536446,32.39327116055636,31.006976799436465,1.3862943611198906,0.019969659541678637,-0.013643201711008857,31.020620001147474,31.248565924852304,31.048299933919726,30.566044752389256,-0.011944315879143592,0.0,0.0,0.0,-0.0,-0.0,2.0,3.0,0.0,0.0,0.0,0.0,0,0,0,0,4,72813.0
2025-04-25,6678.9150390625,0.03669583321493297,32.338435917597295,30.7289980051632,1.6094379124341003,0.01782163839867023,-0.27797879427326677,31.006976799436465,31.020620001147474,31.248565924852304,31.048299933919726,0.06506627499646396,0.0,0.0,0.0,-0.0,-0.0,-0.0,2.0,0.0,0.0,0.0,0.0,0,0,0,0,5,55215.0
2025-05-02,6815.72998046875,0.020277618145651575,32.16376391529029,30.7774695541704,1.3862943611198906,0.00435740686084186,0.048471549007199854,30.7289980051632,31.006976799436465,31.020620001147474,31.248565924852304,0.04579846542044755,0.0,0.0,0.0,-0.0,-0.0,-0.0,-0.0,0.0,0.0,0.0,0.0,0,0,0,0,4,46855.0
2025-05-09,6832.80322265625,0.002501844093990654,32.52511471887006,30.915676806435954,1.6094379124341003,0.01998621914953647,0.13820725226555552,30.7774695541704,30.7289980051632,31.006976799436465,31.020620001147474,0.08719929248411165,0.0,0.0,0.0,-0.0,-0.0,-0.0,-0.0,0.0,0.0,0.0,0.0,0,0,0,0,5,49184.0
2025-05-16,7106.52587890625,0.03927848247809676,32.233414572851636,31.134802284183525,1.0986122886681098,0.01232446774195867,0.2191254777475713,30.915676806435954,30.7774695541704,30.7289980051632,31.006976799436465,0.09875377793267197,0.0,0.0,0.0,-0.0,-0.0,-0.0,-0.0,0.0,0.0,0.0,0.0,0,0,0,0,3,42732.0
2025-05-23,7214.1630859375,0.015032689319843104,32.610616645960796,31.001178733526697,1.6094379124341003,0.012298675064797471,-0.13362355065682863,31.134802284183525,30.915676806435954,30.7774695541704,30.7289980051632,0.0770906340375821,-0.25,0.0,0.0,-0.0,-0.0,-0.0,-0.0,0.0,0.0,0.0,0.0,0,0,0,0,5,52895.0
2025-05-30,7175.81884765625,-0.005329308849876944,32.2438181707336,31.14520588206549,1.0986122886681098,0.0048879517474766316,0.14402714853879317,31.001178733526697,31.134802284183525,30.915676806435954,30.7774695541704,0.051483707042053586,-0.25,0.0,0.0,-0.0,-0.0,-0.0,-0.0,0.0,0.0,0.0,0.0,0,0,0,0,3,43800.0
2025-06-06,7113.4248046875,-0.00873306397927719,32.5528077892036,31.166513428083704,1.3862943611198906,0.019392678071737224,0.02130754601821394,31.14520588206549,31.001178733526697,31.134802284183525,30.915676806435954,0.040248798968785734,-0.25,0.0,0.0,-0.0,-0.0,-0.0,-0.0,0.0,0.0,0.0,0.0,0,0,0,0,4,39007.0
2025-06-13,7166.06494140625,0.007372865012767685,32.49913995296529,31.112845591845396,1.3862943611198906,0.019664730841899777,-0.05366783623830784,31.166513428083704,31.14520588206549,31.001178733526697,31.134802284183525,0.008343181503456663,-0.25,0.0,0.0,-0.0,-0.0,-0.0,-0.0,0.0,0.0,0.0,0.0,0,0,0,0,4,50593.0
2025-06-20,6907.13818359375,-0.036801285058041325,32.642919100658986,31.033481188224883,1.6094379124341003,0.01996388164036735,-0.079364403620513,31.112845591845396,31.166513428083704,31.14520588206549,31.001178733526697,-0.04349079287442777,0.0,0.0,0.0,-0.0,-0.0,-0.0,-0.0,0.0,0.0,0.0,0.0,0,0,0,0,5,68749.0
2025-06-27,6897.39990234375,-0.0014108813789760423,32.28896582495951,30.90267146383962,1.3862943611198906,0.02758173943703743,-0.13080972438526217,31.033481188224883,31.112845591845396,31.166513428083704,31.14520588206549,-0.03957236540352686,0.0,0.0,0.0,-0.0,-0.0,-0.0,-0.0,0.0,0.0,0.0,0.0,0,0,0,0,4,66853.0
2025-07-04,6865.19189453125,-0.004680523419868893,32.27555945489081,30.666121542456708,1.6094379124341003,0.00759507988724233,-0.2365499213829132,30.90267146383962,31.033481188224883,31.112845591845396,31.166513428083704,-0.035519824844118565,0.0,0.0,0.0,-0.0,-0.0,-0.0,-0.0,0.0,0.0,0.0,0.0,0,0,0,0,5,57551.0
2025-07-11,7047.43798828125,0.026200153439292648,32.340519579988936,30.731081667554836,1.6094379124341003,0.006706703469952856,0.06496012509812843,30.666121542456708,30.90267146383962,31.033481188224883,31.112845591845396,-0.016692536417593603,0.0,0.0,0.0,-0.0,-0.0,-0.0,-0.0,0.0,0.0,0.0,0.0,0,0,0,0,5,71822.0
2025-07-18,7311.9150390625,0.03684106984142024,32.74673452155964,31.137296609125535,1.6094379124341003,0.007950819198689079,0.40621494157069904,30.731081667554836,30.666121542456708,30.90267146383962,31.033481188224883,0.05694981848186796,-0.25,0.0,0.0,-0.0,-0.0,-0.0,-0.0,0.0,0.0,0.0,0.0,0,0,0,0,5,124531.0
2025-07-25,7543.5029296875,0.03118143897024459,32.71400751546849,31.10456960303439,1.6094379124341003,0.020876327529387423,-0.03272700609114665,31.137296609125535,30.731081667554836,30.666121542456708,30.90267146383962,0.0895421388310886,-0.25,0.0,0.0,-0.0,-0.0,-0.0,-0.0,0.0,0.0,0.0,0.0,0,0,0,0,5,117266.0
2025-08-01,7537.76806640625,-0.000760527883778091,32.710659098890766,31.101221186456666,1.6094379124341003,0.019221047273548803,-0.003348416577722446,31.10456960303439,31.137296609125535,30.731081667554836,30.666121542456708,0.0934621343671794,-0.25,0.0,0.0,-0.0,-0.0,-0.0,-0.0,0.0,0.0,0.0,0.0,0,0,0,0,5,109395.0
2025-08-08,7533.384765625,-0.0005816809043997914,32.772392562665104,31.162954650231004,1.6094379124341003,0.014965085170257384,0.061733463774338304,31.101221186456666,31.10456960303439,31.137296609125535,30.731081667554836,0.06668030002348696,-0.25,0.0,0.0,-0.0,-0.0,-0.0,-0.0,0.0,0.0,0.0,0.0,0,0,0,0,5,97882.0
2025-08-15,7898.375,0.04731259722990028,32.99439939745014,31.38496148501604,1.6094379124341003,0.023285181635169395,0.22200683478503436,31.162954650231004,31.101221186456666,31.10456960303439,31.137296609125535,0.077151827411967,0.0,0.0,0.0,-0.0,-0.0,-0.0,-0.0,0.0,0.0,0.0,0.0,0,0,0,0,5,74718.0
2025-08-22,7858.85107421875,-0.005016620118907175,32.597872320733714,31.211577959613823,1.3862943611198906,0.015492197406153388,-0.17338352540221535,31.38496148501604,31.162954650231004,31.101221186456666,31.10456960303439,0.04095376832281523,-0.25,0.0,0.0,-0.0,-0.0,-0.0,-0.0,0.0,0.0,0.0,0.0,0,0,0,0,4,71364.0
2025-08-29,7830.4931640625,-0.0036149300578352944,33.162370654109644,31.55293274167554,1.6094379124341003,0.02046554669955035,0.34135478206171754,31.211577959613823,31.38496148501604,31.162954650231004,31.101221186456666,0.03809936614875802,-0.25,1.0,1.0,0.0,-0.0,-0.0,-0.0,1.0,0.0,0.0,0.0,0,0,0,1,5,88306.0
2025-09-05,7867.34814453125,0.004695556218191078,32.60504039498005,31.21874603386016,1.3862943611198906,0.021095941367496127,-0.3341867078153804,31.55293274167554,31.211577959613823,31.38496148501604,31.162954650231004,0.043376603271348894,-0.25,0.0,0.0,-0.0,0.0,-0.0,-0.0,0.0,1.0,0.0,0.0,0,0,0,0,4,97407.0
2025-09-12,7854.06005859375,-0.0016904451471719665,32.90121015470689,31.29177224227279,1.6094379124341003,0.03156179227186628,0.07302620841262808,31.21874603386016,31.55293274167554,31.211577959613823,31.38496148501604,-0.005626439105723351,-0.25,0.0,0.0,-0.0,-0.0,0.0,-0.0,0.0,0.0,1.0,0.0,0,0,0,0,5,139967.0
2025-09-19,8051.1181640625,0.02478038114608839,33.286310855946645,31.676872943512546,1.6094379124341003,0.011095344758806462,0.38510070123975737,31.29177224227279,31.21874603386016,31.55293274167554,31.211577959613823,0.024170562159272213,-0.25,1.0,1.0,0.0,-0.0,-0.0,0.0,1.0,0.0,0.0,1.0,0,0,0,1,5,203310.0
2025-09-26,8099.3330078125,0.005970729420931149,33.275606135223505,31.66616822278941,1.6094379124341003,0.018424501203344084,-0.010704720723136774,31.676872943512546,31.29177224227279,31.21874603386016,31.55293274167554,0.03375622163803865,-0.25,0.0,0.0,-0.0,0.0,-0.0,-0.0,0.0,1.0,0.0,0.0,0,0,0,0,5,173569.0
2025-10-03,8118.30078125,0.0023391553087158267,33.15520075221079,31.54576283977669,1.6094379124341003,0.012078123631278517,-0.12040538301272008,31.66616822278941,31.676872943512546,31.29177224227279,31.21874603386016,0.031399820728563406,-0.25,0.0,0.0,-0.0,-0.0,0.0,-0.0,0.0,0.0,1.0,0.0,0,0,0,0,5,146052.0
2025-10-10,8257.859375,0.017044529495181635,33.27212765930969,31.662689746875586,1.6094379124341003,0.00934103737406704,0.11692690709889675,31.54576283977669,31.66616822278941,31.676872943512546,31.29177224227279,0.050134795370917,-0.25,0.0,0.0,-0.0,-0.0,-0.0,0.0,0.0,0.0,0.0,1.0,0,0,0,0,5,165766.0
2025-10-17,7915.65576171875,-0.04232285797478853,33.2474409150835,31.638003002649402,1.6094379124341003,0.0318359137195906,-0.024686744226183777,31.662689746875586,31.54576283977669,31.66616822278941,31.676872943512546,-0.01696844374995992,0.0,0.0,0.0,-0.0,-0.0,-0.0,-0.0,0.0,0.0,0.0,0.0,0,0,0,0,5,146634.0
2025-10-24,8271.7216796875,0.04400013072495372,33.03867954953802,31.429241637103914,1.6094379124341003,0.030506294043417214,-0.20876136554548808,31.638003002649402,31.662689746875586,31.54576283977669,31.66616822278941,0.02106095755406265,0.0,0.0,0.0,-0.0,-0.0,-0.0,-0.0,0.0,0.0,0.0,0.0,0,0,0,0,5,133766.0
2025-10-31,8163.875,-0.013123737419054315,33.05404029426862,31.444602381834518,1.6094379124341003,0.02300426388572088,0.01536074473060367,31.429241637103914,31.638003002649402,31.662689746875586,31.54576283977669,0.00559806482629251,0.0,0.0,0.0,-0.0,-0.0,-0.0,-0.0,0.0,0.0,0.0,0.0,0,0,0,0,5,116330.0
2025-11-07,8394.58984375,0.027868498420898412,32.802163863059704,31.192725950625604,1.6094379124341003,0.015071923021012547,-0.25187643120891323,31.444602381834518,31.429241637103914,31.638003002649402,31.662689746875586,0.016422033752009287,0.0,0.0,0.0,-0.0,-0.0,-0.0,-0.0,0.0,0.0,0.0,0.0,0,0,0,0,5,141835.0
2025-11-14,8370.435546875,-0.0028815123180777466,33.087738749546894,31.478300837112794,1.6094379124341003,0.004753771398257868,0.28557488648718987,31.192725950625604,31.444602381834518,31.429241637103914,31.638003002649402,0.055863379408720076,0.0,0.0,0.0,-0.0,-0.0,-0.0,-0.0,0.0,0.0,0.0,0.0,0,0,0,0,5,159872.0
2025-11-21,8414.3515625,0.0052328475244098884,32.9966794988118,31.3872415863777,1.6094379124341003,0.011144964462938098,-0.09105925073509269,31.478300837112794,31.192725950625604,31.444602381834518,31.429241637103914,0.017096096208176245,0.0,1.0,1.0,0.0,-0.0,-0.0,-0.0,1.0,0.0,0.0,0.0,0,0,0,1,5,121798.0
2025-11-28,8508.7060546875,0.011151113710932557,33.346207876439124,31.736769964005024,1.6094379124341003,0.024851932867821447,0.3495283776273226,31.3872415863777,31.478300837112794,31.192725950625604,31.444602381834518,0.041370947338163114,0.0,0.0,0.0,-0.0,0.0,-0.0,-0.0,0.0,1.0,0.0,0.0,0,0,0,0,5,152189.0
2025-12-05,8632.7607421875,0.014474473492604148,32.99536542552865,31.385927513094547,1.6094379124341003,0.008320635475564553,-0.35084245091047706,31.736769964005024,31.3872415863777,31.478300837112794,31.192725950625604,0.027976922409868855,0.0,0.0,0.0,-0.0,-0.0,0.0,-0.0,0.0,0.0,1.0,0.0,0,0,0,0,5,151250.0
2025-12-12,8660.4990234375,0.003207990328519593,33.34601765289916,31.736579740465057,1.6094379124341003,0.017671258255069423,0.35065222737051016,31.385927513094547,31.736769964005024,31.3872415863777,31.478300837112794,0.0340664250564662,0.0,0.0,0.0,-0.0,-0.0,-0.0,0.0,0.0,0.0,0.0,1.0,0,0,0,0,5,178238.0
2025-12-19,8609.55078125,-0.00590020185999213,33.46985709924609,31.86041918681199,1.6094379124341003,0.008770065451696596,0.12383944634693123,31.736579740465057,31.385927513094547,31.736769964005024,31.3872415863777,0.022933375672064174,0.0,-2.0,2.0,2.0,-0.0,-0.0,-0.0,0.0,0.0,0.0,0.0,0,0,0,0,5,215515.0
2025-12-26,8537.9111328125,-0.008355763157499441,32.60284160945976,31.504229320791648,1.0986122886681098,0.01058033990176478,-0.3561898660203404,31.86041918681199,31.736579740465057,31.385927513094547,31.736769964005024,0.0034264988036321765,0.0,0.0,0.0,-0.0,2.0,-0.0,-0.0,0.0,0.0,0.0,0.0,0,0,0,0,3,196680.0
2026-01-02,8748.1318359375,0.02432379325973647,32.5096391284192,31.411026839751095,1.0986122886681098,0.011714190389989674,-0.09320248104055295,31.504229320791648,31.86041918681199,31.736579740465057,31.385927513094547,0.0132758185707645,0.0,0.0,0.0,-0.0,-0.0,2.0,-0.0,0.0,0.0,0.0,0.0,0,0,0,0,3,201752.0
2026-01-09,8936.75390625,0.021332252404665124,33.38608910263947,31.776651190205367,1.6094379124341003,0.013507405601845416,0.3656243504542722,31.411026839751095,31.504229320791648,31.86041918681199,31.736579740465057,0.03140008064691003,0.0,0.0,0.0,-0.0,-0.0,-0.0,2.0,0.0,0.0,0.0,0.0,0,0,0,0,5,331332.0
2026-01-16,9075.40625,0.015395719474594933,33.200888933347066,31.814594572227172,1.3862943611198906,0.013462926909813572,0.037943382021804695,31.776651190205367,31.411026839751095,31.504229320791648,31.86041918681199,0.0526960019814971,0.0,0.0,0.0,-0.0,-0.0,-0.0,-0.0,0.0,0.0,0.0,0.0,0,0,0,0,4,219665.0
2026-01-23,8951.009765625,-0.013801796091583336,33.46018074326606,31.85074283083196,1.6094379124341003,0.01643934057879192,0.03614825860478632,31.814594572227172,31.776651190205367,31.411026839751095,31.504229320791648,0.0472499690474132,0.0,0.0,0.0,-0.0,-0.0,-0.0,-0.0,0.0,0.0,0.0,0.0,0,0,0,0,5,190549.0
2026-01-30,8329.6064453125,-0.07195013929562609,33.71702101871495,32.107583106280856,1.6094379124341003,0.07941800334826238,0.25684027544889787,31.85074283083196,31.814594572227172,31.776651190205367,31.411026839751095,-0.04902396350794936,0.0,-5.0,5.0,5.0,-0.0,-0.0,-0.0,0.0,0.0,0.0,0.0,0,0,0,1,5,220817.0
2026-02-06,7935.259765625,-0.04850011947070553,33.144732400861855,31.535294488427756,1.6094379124341003,0.06261984811950608,-0.5722886178531006,32.107583106280856,31.85074283083196,31.814594572227172,31.776651190205367,-0.11885633538332002,0.0,0.0,0.0,-0.0,5.0,-0.0,-0.0,0.0,0.0,0.0,0.0,0,0,0,0,5,192956.0
2026-02-13,8212.271484375,0.03431346794987157,33.08058695648357,31.471149044049472,1.6094379124341003,0.024768562903171226,-0.0641454443782834,31.535294488427756,32.107583106280856,31.85074283083196,31.814594572227172,-0.09993858690804336,0.0,0.0,0.0,-0.0,-0.0,5.0,-0.0,0.0,0.0,0.0,0.0,0,0,0,0,5,135479.0
2026-02-20,8271.7666015625,0.007218543808456823,32.600303290131365,31.501691001463257,1.0986122886681098,0.014610235851253407,0.03054195741378507,31.471149044049472,31.535294488427756,32.107583106280856,31.85074283083196,-0.0789182470080032,0.0,0.0,0.0,-0.0,-0.0,-0.0,5.0,0.0,0.0,0.0,0.0,0,0,0,0,3,106564.0
2026-02-27,8235.4853515625,-0.004395802344948361,33.33497287336476,31.725534960930663,1.6094379124341003,0.026098622823451736,0.22384395946740554,31.501691001463257,31.471149044049472,31.535294488427756,32.107583106280856,-0.011363910057325486,0.0,0.0,0.0,-0.0,-0.0,-0.0,-0.0,0.0,0.0,0.0,0.0,0,0,0,0,5,100956.0
2026-03-06,7585.68701171875,-0.0821891158004961,33.1537930556321,31.544355143197997,1.6094379124341003,0.052727192435257045,-0.18117981773266578,31.725534960930663,31.501691001463257,31.471149044049472,31.535294488427756,-0.04505290638711605,0.0,0.0,0.0,-0.0,-0.0,-0.0,-0.0,0.0,0.0,0.0,0.0,0,0,0,0,5,109551.0
2026-03-13,7137.2119140625,-0.06094097187957188,32.78082523316237,31.171387320728268,1.6094379124341003,0.04452349439212246,-0.3729678224697288,31.544355143197997,31.725534960930663,31.501691001463257,31.471149044049472,-0.1403073462165595,0.0,0.0,0.0,-0.0,-0.0,-0.0,-0.0,0.0,0.0,0.0,0.0,0,0,0,0,5,94873.0
2026-03-20,7106.8388671875,-0.004264670686080942,32.026058826752056,31.33291164619211,0.6931471805599453,0.028201546844763385,0.16152432546384077,31.171387320728268,31.544355143197997,31.725534960930663,31.501691001463257,-0.15179056071109726,0.0,-2.0,2.0,2.0,-0.0,-0.0,-0.0,0.0,0.0,0.0,0.0,0,0,0,1,2,77895.0
2026-03-27,7097.05712890625,-0.0013773319419270993,32.57331132923593,31.47469904056782,1.0986122886681098,0.04219135802742095,0.14178739437571153,31.33291164619211,31.171387320728268,31.544355143197997,31.725534960930663,-0.14877209030807598,0.0,0.0,0.0,-0.0,2.0,-0.0,-0.0,0.0,0.0,0.0,0.0,0,0,0,0,3,110366.0
2026-04-03,7026.7822265625,-0.00995132846126511,32.40483587000446,31.018541508884567,1.3862943611198906,0.03410421972727606,-0.4561575316832531,31.47469904056782,31.33291164619211,31.171387320728268,31.544355143197997,-0.07653430296884502,0.0,0.0,0.0,-0.0,-0.0,2.0,-0.0,0.0,0.0,0.0,0.0,0,0,0,0,4,107616.0
2026-04-10,7458.49609375,0.05962491710509902,32.78698252912743,31.177544616693325,1.6094379124341003,0.04512047641650019,0.1590031078087577,31.018541508884567,31.47469904056782,31.33291164619211,31.171387320728268,0.04403158601582588,0.0,0.0,0.0,-0.0,-0.0,-0.0,2.0,0.0,0.0,0.0,0.0,0,0,0,0,5,123009.0
2026-04-17,7634.00390625,0.023258668133628174,32.94940674686988,31.33996883443578,1.6094379124341003,0.02522751448819621,0.16242421774245486,31.177544616693325,31.018541508884567,31.47469904056782,31.33291164619211,0.071554924835535,0.0,0.0,0.0,-0.0,-0.0,-0.0,-0.0,0.0,0.0,0.0,0.0,0,0,0,0,5,
